INSERT INTO Country (name) VALUES 
('USA'), 
('UK'), 
('France'), 
('Canada'), 
('New Zealand'), 
('Germany'), 
('Australia'),
('Italy'),
('Spain'),
('Japan'),
('South Korea'),
('India');

INSERT INTO File (id, file_name, mime_type, file_key, public_url) VALUES
(1, 'john_avatar.jpg', 'image/jpeg', 'avatars/john_avatar.jpg', 'https://s3.example.com/avatars/john_avatar.jpg'),
(2, 'alice_avatar.jpg', 'image/jpeg', 'avatars/alice_avatar.jpg', 'https://s3.example.com/avatars/alice_avatar.jpg'),
(3, 'bob_avatar.jpg', 'image/jpeg', 'avatars/bob_avatar.jpg', 'https://s3.example.com/avatars/bob_avatar.jpg'),
(4, 'carol_avatar.jpg', 'image/jpeg', 'avatars/carol_avatar.jpg', 'https://s3.example.com/avatars/carol_avatar.jpg'),
(5, 'dave_avatar.jpg', 'image/jpeg', 'avatars/dave_avatar.jpg', 'https://s3.example.com/avatars/dave_avatar.jpg'),
(6, 'inception_poster.jpg', 'image/jpeg', 'posters/inception.jpg', 'https://s3.example.com/posters/inception.jpg'),
(7, 'beauty_poster.jpg', 'image/jpeg', 'posters/beauty.jpg', 'https://s3.example.com/posters/beauty.jpg'),
(8, 'lotr_poster.jpg', 'image/jpeg', 'posters/lotr.jpg', 'https://s3.example.com/posters/lotr.jpg'),
(9, 'matrix_poster.jpg', 'image/jpeg', 'posters/matrix.jpg', 'https://s3.example.com/posters/matrix.jpg'),
(10, 'titanic_poster.jpg', 'image/jpeg', 'posters/titanic.jpg', 'https://s3.example.com/posters/titanic.jpg'),
(11, 'avatar_poster.jpg', 'image/jpeg', 'posters/avatar.jpg', 'https://s3.example.com/posters/avatar.jpg'),
(12, 'interstellar_poster.jpg', 'image/jpeg', 'posters/interstellar.jpg', 'https://s3.example.com/posters/interstellar.jpg'),
(13, 'dark_knight_poster.jpg', 'image/jpeg', 'posters/dark_knight.jpg', 'https://s3.example.com/posters/dark_knight.jpg'),
(14, 'pulp_fiction_poster.jpg', 'image/jpeg', 'posters/pulp_fiction.jpg', 'https://s3.example.com/posters/pulp_fiction.jpg'),
(15, 'forrest_gump_poster.jpg', 'image/jpeg', 'posters/forrest_gump.jpg', 'https://s3.example.com/posters/forrest_gump.jpg'),
(16, 'godfather_poster.jpg', 'image/jpeg', 'posters/godfather.jpg', 'https://s3.example.com/posters/godfather.jpg'),
(17, 'shawshank_poster.jpg', 'image/jpeg', 'posters/shawshank.jpg', 'https://s3.example.com/posters/shawshank.jpg'),
(18, 'fight_club_poster.jpg', 'image/jpeg', 'posters/fight_club.jpg', 'https://s3.example.com/posters/fight_club.jpg'),
(19, 'goodfellas_poster.jpg', 'image/jpeg', 'posters/goodfellas.jpg', 'https://s3.example.com/posters/goodfellas.jpg'),
(20, 'casino_poster.jpg', 'image/jpeg', 'posters/casino.jpg', 'https://s3.example.com/posters/casino.jpg'),
(21, 'leo_photo.jpg', 'image/jpeg', 'photos/leo.jpg', 'https://s3.example.com/photos/leo.jpg'),
(22, 'emma_photo.jpg', 'image/jpeg', 'photos/emma.jpg', 'https://s3.example.com/photos/emma.jpg'),
(23, 'peter_photo.jpg', 'image/jpeg', 'photos/peter.jpg', 'https://s3.example.com/photos/peter.jpg'),
(24, 'keanu_photo.jpg', 'image/jpeg', 'photos/keanu.jpg', 'https://s3.example.com/photos/keanu.jpg'),
(25, 'natalie_photo.jpg', 'image/jpeg', 'photos/natalie.jpg', 'https://s3.example.com/photos/natalie.jpg'),
(26, 'tom_hanks_photo.jpg', 'image/jpeg', 'photos/tom_hanks.jpg', 'https://s3.example.com/photos/tom_hanks.jpg'),
(27, 'kate_winslet_photo.jpg', 'image/jpeg', 'photos/kate_winslet.jpg', 'https://s3.example.com/photos/kate_winslet.jpg'),
(28, 'sam_worthington_photo.jpg', 'image/jpeg', 'photos/sam_worthington.jpg', 'https://s3.example.com/photos/sam_worthington.jpg'),
(29, 'zoe_saldana_photo.jpg', 'image/jpeg', 'photos/zoe_saldana.jpg', 'https://s3.example.com/photos/zoe_saldana.jpg'),
(30, 'matthew_mcconaughey_photo.jpg', 'image/jpeg', 'photos/matthew_mcconaughey.jpg', 'https://s3.example.com/photos/matthew_mcconaughey.jpg'),
(31, 'anne_hathaway_photo.jpg', 'image/jpeg', 'photos/anne_hathaway.jpg', 'https://s3.example.com/photos/anne_hathaway.jpg'),
(32, 'christian_bale_photo.jpg', 'image/jpeg', 'photos/christian_bale.jpg', 'https://s3.example.com/photos/christian_bale.jpg'),
(33, 'heath_ledger_photo.jpg', 'image/jpeg', 'photos/heath_ledger.jpg', 'https://s3.example.com/photos/heath_ledger.jpg'),
(34, 'john_travolta_photo.jpg', 'image/jpeg', 'photos/john_travolta.jpg', 'https://s3.example.com/photos/john_travolta.jpg'),
(35, 'uma_thurman_photo.jpg', 'image/jpeg', 'photos/uma_thurman.jpg', 'https://s3.example.com/photos/uma_thurman.jpg'),
(36, 'robin_wright_photo.jpg', 'image/jpeg', 'photos/robin_wright.jpg', 'https://s3.example.com/photos/robin_wright.jpg'),
(37, 'gary_sinise_photo.jpg', 'image/jpeg', 'photos/gary_sinise.jpg', 'https://s3.example.com/photos/gary_sinise.jpg'),
(38, 'marlon_brando_photo.jpg', 'image/jpeg', 'photos/marlon_brando.jpg', 'https://s3.example.com/photos/marlon_brando.jpg'),
(39, 'al_pacino_photo.jpg', 'image/jpeg', 'photos/al_pacino.jpg', 'https://s3.example.com/photos/al_pacino.jpg'),
(40, 'tim_robbins_photo.jpg', 'image/jpeg', 'photos/tim_robbins.jpg', 'https://s3.example.com/photos/tim_robbins.jpg'),
(41, 'morgan_freeman_photo.jpg', 'image/jpeg', 'photos/morgan_freeman.jpg', 'https://s3.example.com/photos/morgan_freeman.jpg'),
(42, 'brad_pitt_photo.jpg', 'image/jpeg', 'photos/brad_pitt.jpg', 'https://s3.example.com/photos/brad_pitt.jpg'),
(43, 'edward_norton_photo.jpg', 'image/jpeg', 'photos/edward_norton.jpg', 'https://s3.example.com/photos/edward_norton.jpg'),
(44, 'robert_deniro_photo.jpg', 'image/jpeg', 'photos/robert_deniro.jpg', 'https://s3.example.com/photos/robert_deniro.jpg'),
(45, 'joe_pesci_photo.jpg', 'image/jpeg', 'photos/joe_pesci.jpg', 'https://s3.example.com/photos/joe_pesci.jpg'),
(46, 'sharon_stone_photo.jpg', 'image/jpeg', 'photos/sharon_stone.jpg', 'https://s3.example.com/photos/sharon_stone.jpg');

INSERT INTO Genre (name) VALUES 
('Action'), 
('Drama'), 
('Comedy'),
('Fantasy'),
('Sci-Fi'),
('Thriller'),
('Romance'),
('Adventure'),
('Crime'),
('Biography'),
('Horror'),
('Animation'),
('Mystery'),
('War'),
('Western');

INSERT INTO Users (username, first_name, last_name, email, password, avatar_file_id) VALUES
('jdoe', 'John', 'Doe', 'john@example.com', 'hashedpassword1', 1),
('asmith', 'Alice', 'Smith', 'alice@example.com', 'hashedpassword2', 2),
('bjohnson', 'Bob', 'Johnson', 'bob@example.com', 'hashedpassword3', 3),
('cwilliams', 'Carol', 'Williams', 'carol@example.com', 'hashedpassword4', 4),
('dbrown', 'Dave', 'Brown', 'dave@example.com', 'hashedpassword5', 5);

INSERT INTO Person (first_name, last_name, biography, date_of_birth, gender, country_id, primary_photo_id) VALUES
('Christopher', 'Nolan', 'British-American filmmaker known for complex storytelling and practical effects.', '1970-07-30', 'male', 2, 21),
('Peter', 'Jackson', 'New Zealand director, known for Lord of the Rings and King Kong.', '1961-10-31', 'male', 5, 23),
('James', 'Cameron', 'Canadian filmmaker known for Titanic and Avatar.', '1954-08-16', 'male', 4, NULL),
('Quentin', 'Tarantino', 'American filmmaker known for Pulp Fiction and Kill Bill.', '1963-03-27', 'male', 1, 34),
('Robert', 'Zemeckis', 'American director known for Back to the Future and Forrest Gump.', '1952-05-14', 'male', 1, 36),
('Francis', 'Coppola', 'American filmmaker known for The Godfather trilogy.', '1939-04-07', 'male', 1, 38),
('Frank', 'Darabont', 'American filmmaker known for The Shawshank Redemption.', '1959-01-28', 'male', 1, 40),
('David', 'Fincher', 'American director known for Fight Club and Seven.', '1962-08-28', 'male', 1, 42),
('Martin', 'Scorsese', 'American filmmaker known for Goodfellas and Taxi Driver.', '1942-11-17', 'male', 1, 44),
('Leonardo', 'DiCaprio', 'American actor and environmental activist, known for Titanic and Inception.', '1974-11-11', 'male', 1, 21),
('Emma', 'Watson', 'British actress and activist, known for Harry Potter series.', '1990-04-15', 'female', 2, 22),
('Keanu', 'Reeves', 'Canadian actor known for The Matrix and John Wick.', '1964-09-02', 'male', 4, 24),
('Natalie', 'Portman', 'Israeli-American actress known for Black Swan and Star Wars.', '1981-06-09', 'female', 1, 25),
('Tom', 'Hanks', 'American actor known for Forrest Gump and Cast Away.', '1956-07-09', 'male', 1, 26),
('Kate', 'Winslet', 'British actress known for Titanic and The Reader.', '1975-10-05', 'female', 2, 27),
('Sam', 'Worthington', 'Australian actor known for Avatar and Terminator Salvation.', '1976-08-02', 'male', 7, 28),
('Zoe', 'Saldana', 'American actress known for Avatar and Guardians of the Galaxy.', '1978-06-19', 'female', 1, 29),
('Matthew', 'McConaughey', 'American actor known for Interstellar and Dallas Buyers Club.', '1969-11-04', 'male', 1, 30),
('Anne', 'Hathaway', 'American actress known for The Devil Wears Prada and Les Misérables.', '1982-11-12', 'female', 1, 31),
('Christian', 'Bale', 'British actor known for The Dark Knight and American Psycho.', '1974-01-30', 'male', 2, 32),
('Heath', 'Ledger', 'Australian actor known for The Dark Knight and Brokeback Mountain.', '1979-04-04', 'male', 7, 33),
('John', 'Travolta', 'American actor known for Pulp Fiction and Grease.', '1954-02-18', 'male', 1, 34),
('Uma', 'Thurman', 'American actress known for Pulp Fiction and Kill Bill.', '1970-04-29', 'female', 1, 35),
('Robin', 'Wright', 'American actress known for Forrest Gump and House of Cards.', '1966-04-08', 'female', 1, 36),
('Gary', 'Sinise', 'American actor known for Forrest Gump and CSI: NY.', '1955-03-17', 'male', 1, 37),
('Marlon', 'Brando', 'American actor known for The Godfather and A Streetcar Named Desire.', '1924-04-03', 'male', 1, 38),
('Al', 'Pacino', 'American actor known for The Godfather and Scarface.', '1940-04-25', 'male', 1, 39),
('Tim', 'Robbins', 'American actor known for The Shawshank Redemption and Mystic River.', '1958-10-16', 'male', 1, 40),
('Morgan', 'Freeman', 'American actor known for The Shawshank Redemption and Driving Miss Daisy.', '1937-06-01', 'male', 1, 41),
('Brad', 'Pitt', 'American actor known for Fight Club and Ocean''s Eleven.', '1963-12-18', 'male', 1, 42),
('Edward', 'Norton', 'American actor known for Fight Club and American History X.', '1969-08-18', 'male', 1, 43),
('Robert', 'De Niro', 'American actor known for Goodfellas and Taxi Driver.', '1943-08-17', 'male', 1, 44),
('Joe', 'Pesci', 'American actor known for Goodfellas and Casino.', '1943-02-09', 'male', 1, 45),
('Sharon', 'Stone', 'American actress known for Casino and Basic Instinct.', '1958-03-10', 'female', 1, 46);

INSERT INTO Movie (title, description, budget, release_date, duration, director_id, country_id, poster_file_id) VALUES
('Inception', 'A skilled thief is given a chance at redemption if he can successfully perform an inception — planting an idea into a target''s subconscious.', 160000000, '2010-07-16', 148, 1, 1, 6),
('Beauty and the Beast', 'A romantic fantasy musical about a young woman and a cursed prince.', 255000000, '2017-03-17', 129, NULL, 2, 7),
('The Lord of the Rings: The Fellowship of the Ring', 'A hobbit sets out to destroy an ancient ring of power.', 93000000, '2001-12-19', 178, 2, 5, 8),
('The Matrix', 'A hacker discovers the nature of his reality and his role in the war against its controllers.', 63000000, '1999-03-31', 136, NULL, 4, 9),
('Titanic', 'A seventeen-year-old aristocrat falls in love with a kind but poor artist aboard the luxurious, ill-fated R.M.S. Titanic.', 200000000, '1997-12-19', 194, 3, 1, 10),
('Avatar', 'A paraplegic Marine dispatched to the moon Pandora on a unique mission becomes torn between following his orders and protecting the world he feels is his home.', 237000000, '2009-12-18', 162, 3, 1, 11),
('Interstellar', 'A team of explorers travel through a wormhole in space in an attempt to ensure humanity''s survival.', 165000000, '2014-11-07', 169, 1, 1, 12),
('The Dark Knight', 'When the menace known as the Joker wreaks havoc and chaos on the people of Gotham, Batman must accept one of the greatest psychological and physical tests of his ability to fight injustice.', 185000000, '2008-07-18', 152, 1, 1, 13),
('Pulp Fiction', 'The lives of two mob hitmen, a boxer, a gangster and his wife, and a pair of diner bandits intertwine in four tales of violence and redemption.', 8000000, '1994-10-14', 154, 4, 1, 14),
('Forrest Gump', 'The presidencies of Kennedy and Johnson, the Vietnam War, the Watergate scandal and other historical events unfold from the perspective of an Alabama man with an IQ of 75.', 55000000, '1994-07-06', 142, 5, 1, 15),
('The Godfather', 'The aging patriarch of an organized crime dynasty transfers control of his clandestine empire to his reluctant son.', 6000000, '1972-03-24', 175, 6, 1, 16),
('The Shawshank Redemption', 'Two imprisoned men bond over a number of years, finding solace and eventual redemption through acts of common decency.', 25000000, '1994-10-14', 142, 7, 1, 17),
('Fight Club', 'An insomniac office worker and a devil-may-care soapmaker form an underground fight club that evolves into something much, much more.', 63000000, '1999-10-15', 139, 8, 1, 18),
('Goodfellas', 'The story of Henry Hill and his life in the mob, covering his relationship with his wife Karen Hill and his mob partners Jimmy Conway and Tommy DeVito.', 25000000, '1990-09-19', 146, 9, 1, 19),
('Casino', 'A tale of greed, deception, money, power, and murder occur between two best friends: a mafia enforcer and a casino executive.', 52000000, '1995-11-22', 178, 9, 1, 20);

INSERT INTO PersonPhoto (person_id, file_id, is_primary) VALUES
(10, 21, TRUE),
(11, 22, TRUE),
(12, 24, TRUE),
(13, 25, TRUE),
(14, 26, TRUE),
(15, 27, TRUE),
(16, 28, TRUE),
(17, 29, TRUE),
(18, 30, TRUE),
(19, 31, TRUE),
(20, 32, TRUE),
(21, 33, TRUE),
(22, 34, TRUE),
(23, 35, TRUE),
(24, 36, TRUE),
(25, 37, TRUE),
(26, 38, TRUE),
(27, 39, TRUE),
(28, 40, TRUE),
(29, 41, TRUE),
(30, 42, TRUE),
(31, 43, TRUE),
(32, 44, TRUE),
(33, 45, TRUE),
(34, 46, TRUE);

INSERT INTO MovieGenre (movie_id, genre_id) VALUES
(1, 1), (1, 2), (1, 5),
(2, 2), (2, 4), (2, 7),
(3, 1), (3, 8), (3, 4),
(4, 1), (4, 5), (4, 6),
(5, 2), (5, 7),
(6, 1), (6, 8), (6, 5),
(7, 8), (7, 2), (7, 5),
(8, 1), (8, 9), (8, 2),
(9, 9), (9, 2),
(10, 3), (10, 2),
(11, 9), (11, 2),
(12, 2),
(13, 2),
(14, 10), (14, 9), (14, 2),
(15, 9), (15, 2);

INSERT INTO Character (name, description, role, movie_id, actor_id) VALUES
('Dom Cobb', 'A skilled extractor, haunted by his past.', 'leading', 1, 10),
('Ariadne', 'A graduate student who becomes Cobb''s architect.', 'supporting', 1, 13),
('Arthur', 'Cobb''s point man and best friend.', 'supporting', 1, NULL),
('Belle', 'A young woman with a love for books.', 'leading', 2, 11),
('Beast', 'A cursed prince in the form of a beast.', 'leading', 2, NULL),
('Frodo Baggins', 'A hobbit tasked with carrying the One Ring.', 'leading', 3, NULL),
('Gandalf', 'A wise wizard guiding the Fellowship.', 'supporting', 3, NULL),
('Aragorn', 'A ranger and heir to the throne of Gondor.', 'supporting', 3, NULL),
('Neo', 'The One, destined to free humanity.', 'leading', 4, 12),
('Trinity', 'A skilled hacker and fighter.', 'supporting', 4, NULL),
('Morpheus', 'A captain of the Nebuchadnezzar.', 'supporting', 4, NULL),
('Jack Dawson', 'A poor artist who falls in love with Rose.', 'leading', 5, 10),
('Rose DeWitt Bukater', 'A young aristocrat who falls in love with Jack.', 'leading', 5, 15),
('Cal Hockley', 'Rose''s wealthy fiancé.', 'supporting', 5, NULL),
('Jake Sully', 'A paraplegic Marine who becomes an Avatar.', 'leading', 6, 16),
('Neytiri', 'A Na''vi princess who falls in love with Jake.', 'leading', 6, 17),
('Colonel Quaritch', 'The military leader of the human forces.', 'supporting', 6, NULL),
('Cooper', 'A former NASA pilot and engineer.', 'leading', 7, 18),
('Brand', 'A NASA scientist and astronaut.', 'leading', 7, 19),
('Murph', 'Cooper''s daughter.', 'supporting', 7, NULL),
('Bruce Wayne / Batman', 'A billionaire who fights crime as Batman.', 'leading', 8, 20),
('Joker', 'A criminal mastermind who terrorizes Gotham.', 'leading', 8, 21),
('Harvey Dent', 'The district attorney of Gotham City.', 'supporting', 8, NULL),
('Vincent Vega', 'A hitman working for Marsellus Wallace.', 'leading', 9, 22),
('Jules Winnfield', 'Vincent''s partner and fellow hitman.', 'leading', 9, NULL),
('Mia Wallace', 'Marsellus Wallace''s wife.', 'supporting', 9, 23),
('Forrest Gump', 'A simple man with a kind heart.', 'leading', 10, 14),
('Jenny Curran', 'Forrest''s childhood friend and love interest.', 'leading', 10, 24),
('Lieutenant Dan Taylor', 'Forrest''s commanding officer in Vietnam.', 'supporting', 10, 25),
('Vito Corleone', 'The aging patriarch of the Corleone family.', 'leading', 11, 26),
('Michael Corleone', 'Vito''s youngest son who becomes the new Don.', 'leading', 11, 27),
('Sonny Corleone', 'Vito''s hot-headed eldest son.', 'supporting', 11, NULL),
('Andy Dufresne', 'A banker wrongfully convicted of murder.', 'leading', 12, 28),
('Ellis "Red" Redding', 'A long-term inmate and Andy''s friend.', 'leading', 12, 29),
('Warden Norton', 'The corrupt warden of Shawshank Prison.', 'supporting', 12, NULL),
('Narrator', 'An insomniac office worker.', 'leading', 13, 30),
('Tyler Durden', 'A charismatic soap salesman.', 'leading', 13, 31),
('Marla Singer', 'A woman who attends support groups.', 'supporting', 13, NULL),
('Henry Hill', 'A mobster who becomes an informant.', 'leading', 14, 32),
('Jimmy Conway', 'Henry''s mentor in the mob.', 'leading', 14, NULL),
('Tommy DeVito', 'A violent and unpredictable mobster.', 'supporting', 14, 33),
('Sam "Ace" Rothstein', 'A casino executive and former mobster.', 'leading', 15, 32),
('Nicky Santoro', 'A mobster and Sam''s friend.', 'leading', 15, 33),
('Ginger McKenna', 'A hustler who marries Sam.', 'leading', 15, 34);

INSERT INTO FavoriteMovie (user_id, movie_id) VALUES
(1, 1), (1, 3), (1, 8),
(2, 2), (2, 4), (2, 6),
(3, 5), (3, 7), (3, 10),
(4, 9), (4, 11), (4, 12),
(5, 13), (5, 14), (5, 15);
